CT,TR,C4A,C4B,Hostage,Rescue,VIP,Start,Finish,1,2,3,4,5,Red,Blue,barricade,weapon,human,zombie,flag
0,dm_tunnel,LoadingBg_DM_Tunnel,0 925 104,0 925 391,1 730 105,1 730 391,,,,,,,,,,,,,,
1,cs_camouflage,LoadingBg_CS_Camouflage,0 619 270,0 833 286,1 653 101,1 726 129,1 845 106,4 767 124,4 842 160,5 742 292,,,,,,,,,,
2,cs_camouflage2,LoadingBg_CS_Camouflage2,0 914 289,0 599 299,1 653 101,1 726 129,1 845 106,4 767 124,4 842 160,5 742 292,,,,,,,,,,
3,de_rex,LoadingBg_DE_Rex,0 573 99,1 930 356,2 734 302,3 808 154,,,,,,,,,,,,,,
4,de_dust,LoadingBg_DE_Dust,0 947 269,1 578 148,2 779 94,3 947 209,17 786 359,17 548 192,17 574 140,,,,,,,,,,,
5,de_dust2,LoadingBg_DE_Dust2,0 656 218,1 945 292,2 642 108,3 628 359,,,,,,,,,,,,,,
6,de_aztec,LoadingBg_DE_Aztec,0 492 177,1 938 186,2 710 300,3 573 108,,,,,,,,,,,,,,
7,de_inferno,LoadingBg_DE_Inferno,0 944 181,1 557 325,2 748 85,3 908 308,,,,,,,,,,,,,,
8,de_train,LoadingBg_DE_Train,0 936 395,1 594 123,2 830 374,3 900 262,,,,,,,,,,,,,,
9,de_prodigy,LoadingBg_DE_Prodigy,0 757 425,1 799 148,2 782 243,3 746 370,,,,,,,,,,,,,,
10,de_cbble,LoadingBg_DE_Cbble,0 937 342,1 616 187,2 935 373,3 880 93,,,,,,,,,,,,,,
11,de_airstrip,LoadingBg_DE_Airstrip,0 887 364,1 500 312,2 730 99,3 899 295,,,,,,,,,,,,,,
12,de_chateau,LoadingBg_DE_Chateau,0 544 262,1 920 248,2 808 353,3 695 138,,,,,,,,,,,,,,
13,de_nuke,LoadingBg_DE_Nuke,0 950 205,1 473 204,2 752 159,3 752 214,,,,,,,,,,,,,,
14,de_piranesi,LoadingBg_DE_Piranesi,0 498 302,1 887 213,2 693 345,3 580 79,,,,,,,,,,,,,,
15,de_storm,LoadingBg_DE_Storm,0 645 101,1 929 377,2 550 402,3 604 102,,,,,,,,,,,,,,
16,de_survivor,LoadingBg_DE_Survivor,0 758 425,1 738 98,2 882 363,3 585 334,,,,,,,,,,,,,,
17,de_torn,LoadingBg_DE_Torn,0 942 194,1 603 270,2 868 174,3 850 382,,,,,,,,,,,,,,
18,de_vertigo,LoadingBg_DE_Vertigo,0 944 140,1 807 98,2 929 178,3 640 83,,,,,,,,,,,,,,
19,cs_italy,LoadingBg_CS_Italy,0 908 264,1 497 118,4 487 84,5 957 264,17 685 174,17 733 352,17 932 309,17 788 133,,,,,,,,,,
20,cs_office,LoadingBg_CS_Office,0 678 408,1 895 218,4 894 152,5 732 404,,,,,,,,,,,,,,
21,cs_747,LoadingBg_CS_747,0 512 219,1 714 238,4 767 238,4 876 238,5 670 289,5 606 318,,,,,,,,,,,,
22,cs_assault,LoadingBg_CS_Assault,0 863 230,1 619 186,4 563 303,5 871 268,17 851 162,17 733 332,17 571 243 ,17 569 335,,,,,,,,,,
23,cs_backalley,LoadingBg_CS_Backalley,0 661 369,1 843 254,3 861 309,4 779 230,4 757 261,5 628 230,5 869 393,,,,,,,,,,,
24,cs_estate,LoadingBg_CS_Estate,0 920 223,1 695 293,4 700 254,5 926 264,,,,,,,,,,,,,,
25,cs_havana,LoadingBg_CS_Havana,0 753 334,1 732 190,4 741 186,4 741 150,5 621 189,5 828 165,,,,,,,,,,,,
26,cs_militia,LoadingBg_CS_Militia,0 930 243,1 611 240,4 632 156,4 577 212,5 938 274,,,,,,,,,,,,,
27,cs_siege,LoadingBg_CS_Siege,0 578 120,1 929 327,4 885 331,4 956 384,5 779 291,,,,,,,,,,,,,
28,as_oilrig,LoadingBg_AS_Oilrig,0 636 120,1 690 223,5 928 195,6 690 120,,,,,,,,,,,,,,
29,dm_ae,LoadingBg_DM_AE,0 655 210,1 916 210,,,,,,,,,,,,,,,,
30,awp_greesia,LoadingBg_awp_greesia,0 510 230,1 918 230,,,,,,,,,,,,,,,,
31,zm_abyss,LoadingBg_zm_abyss,,,,,,,,,,,,,,,,,,
32,de_dazzling_cz,LoadingBg_DE_dazzlingKR,0 948 273,1 540 327,2 753 102,3 752 344,,,,,,,,,,,,,,
33,dm_moonlight,LoadingBg_ka_moonlight,0 603 209,1 896 209,,,,,,,,,,,,,,,,
50,de_stadium_cz,LoadingBg_DE_Stadium_cz,0 540 233,1 920 133,2 720 221,3 761 360,,,,,,,,,,,,,,
51,de_sienna_cz,LoadingBg_DE_sienna_cz,0 583 290,1 923 130,2 780 163,3 661 387,,,,,,,,,,,,,,
52,de_vostok_cz,LoadingBg_DE_vostok_cz,0 671 221,1 913 376,2 947 201,3 765 104,,,,,,,,,,,,,,
53,de_fastline_cz,LoadingBg_DE_Fastline_cz,0 557 414,1 931 213,2 643 181,3 523 382,,,,,,,,,,,,,,
54,de_truth_cz,LoadingBg_DE_truth_cz,0 494 188,1 931 198,2 757 311,3 525 129,,,,,,,,,,,,,,
55,DM_dust2,LoadingBg_Dm_dust2,,,,,,,,,,,,,,,,,,
60,DM_gallery,LoadingBg_DM_Gallery,0 771 375,1 771 105,,,,,,,,,,,,,,,,
61,de_tides_cz,LoadingBg_DE_tides_cz,0 604 383,1 634 96,2 829 246,3 655 365,,,,,,,,,,,,,,
62,de_vegas,LoadingBg_de_vegas,0 567 300,1 886 110,2 834 350,3 561 250,,,,,,,,,,,,,,
63,zm_abyss2,LoadingBg_zm_abyss2,,,,,,,,,,,,,,,,,,
64,cs_downed_cz,LoadingBg_cs_downed_cz,0 933 256,1 599 236,4 520 159,4 493 331,5 942 289,,,,,,,,,,,,,
65,DM_industry,LoadingBg_DM_industry,0 497 161,1 934 190,,,,,,,,,,,,,,,,
66,de_corruption_cz,LoadingBg_de_corruption_cz,0 934 369,1 600 284,2 903 318,3 947 110,,,,,,,,,,,,,,
67,DM_union,LoadingBg_DM_union,0 944 207,1 540 215,,,,,,,,,,,,,,,,
68,awp_ruin,loadingbg_awp_ruin,0 598 368,0 880 318,1 548 146,1 837 97,,,,,,,,,,,,,,
69,cso_jump1,LoadingBg_CSO_Jump1,7 514 119,8 931 143,,,,,,,,,,,,,,,,
70,cso_run1,LoadingBg_CSO_Run1,7 876 334,8 673 85,,,,,,,,,,,,,,,,
71,cso_jump2,LoadingBg_CSO_Jump2,7 755 177,8 567 153,,,,,,,,,,,,,,,,
72,DM_champ,LoadingBg_DM_champ,0 774 415,1 938 100,,,,,,,,,,,,,,,,
73,ZM_abyss3,LoadingBg_ZM_ABYSS3,,,,,,,,,,,,,,,,,,
74,zs_lostcity,LoadingBg_zs_lostcity,3301 373 258,3302  373 258,3303  373 259,3304 373 300 260,3305 373 300 260,3306 373 300 260,3307 612 613,3308  612 613,3309  612 613,3310  612 613,3311  612 613,3312  612 613,,,,,,
75,zs_2gate,LoadingBg_zs_2gate,3301 373 258,3302  373 258,3303  373 259,3304 373 300 260,3305 373 300 260,3306 373 300 260,3307 612 613,3308  612 613,3309  612 613,3310  612 613,3311  612 613,3312  612 613,,,,,,
76,zs_trap,LoadingBg_zs_trap,3301 373 258,3302  373 258,3303  373 259,3304 373 300 260,3305 373 300 260,3306 373 300 260,3307 612 613,3308  612 613,3309  612 613,3310  612 613,3311  612 613,3312  612 613,,,,,,
77,zs_lastclue,LoadingBg_zs_lastclue,3301 373 258,3302  373 258,3303  373 259,3304 373 300 260,3305 373 300 260,3306 373 300 260,3307 612 613 851,3308  612 613 851,3309  612 613 851,3310  612 613 851,3311  612 613 851,3312  612 613 851,,,,,,
78,cso_run2,LoadingBg_CSO_Run2,7 489 349,8 602 118,,,,,,,,,,,,,,,,
79,zs_lostcityHard,LoadingBg_zs_lostcityHard,,,,,,,,,,,,,,,,,,
80,zs_2gateHard,LoadingBg_zs_2gateHard,,,,,,,,,,,,,,,,,,
81,de_rats,LoadingBg_de_rats,0 912 121,1 658 285,3 663 382,,,,,,,,,,,,,,,
82,dm_kart,LoadingBg_dm_kart,0 775 107,1 775 363,,,,,,,,,,,,,,,,
83,sc_cage,LoadingBg_sc_cage,,,,,,,,,,,,,,,,,,
84,sc_soccer01,LoadingBg_sc_soccer01,,,,,,,,,,,,,,,,,,
85,zs_chaos,LoadingBg_zs_chaos,3301 373 258,3302  373 258,3303  373 259,3304 373 300 260,3305 373 300 260,3306 373 300 260,3307 612 613 851,3308  612 613 851,3309  612 613 851,3310  612 613 851,3311  612 613 851,3312  612 613 851,,,,,,
86,zs_lostcityEasy,LoadingBg_zs_lostcityEasy,,,,,,,,,,,,,,,,,,
87,zs_2gateEasy,LoadingBg_zs_2gateEasy,,,,,,,,,,,,,,,,,,
88,hs_desertstorm,LoadingBg_hs_desertstorm,338,,,,,,,,,,,,,,,,,
89,hs_desertstormHard,LoadingBg_hs_desertstormHard,338,,,,,,,,,,,,,,,,,
90,hs_hellfire,LoadingBg_hs_hellfire,340,,,,,,,,,,,,,,,,,
91,hs_mosque,LoadingBg_hs_mosque,1012,,,,,,,,,,,,,,,,,
92,zs_cube,LoadingBg_zs_cube,,,,,,,,,,,,,,,,,,
93,hs_blaze,LoadingBg_hs_blaze,349,,,,,,,,,,,,,,,,,
94,ma_metalgate,LoadingBg_MA_Metalgate,9 797 172,10 903 194,11 808 355,12 914 378,13 856 275,14 837 106,15 828 447,,,,,,,,,,,
96,DM_port,LoadingBg_DM_port,0 935 176,1 513 176,,,,,,,,,,,,,,,,
97,ma_quasar,LoadingBg_MA_Quasar,9 676 215,10 816 125,11 958 215,12 816 304,13 817 214,14 907 334,15 680 99,,,,,,,,,,,
98,zs_deadend,LoadingBg_zs_deadend,3301 373 258,3302  373 258,3303  373 259,3304 373 300 260,3305 373 300 260,3306 373 300 260,3307 612 613,3308  612 613,3309  612 613,3310  612 613,3311  612 613,3312  612 613,,,,,,
99,DM_industry2,LoadingBg_DM_industry2,0 831 102,1 825 396,,,,,,,,,,,,,,,,
100,de_toscana,LoadingBg_de_toscana,0 929 249,1 548 254,2 828 154,3 812 390,,,,,,,,,,,,,,
101,zs_nightmare,LoadingBg_zs_nightmare,3301 373 258,3302  373 258,3303  373 259,3304 373 300 260,3305 373 300 260,3306 373 300 260,3307 612 613,3308  612 613,3309  612 613,3310  612 613,3311  612 613,3312  612 613,,,,,,
102,zm_requiem,LoadingBg_ZM_Requiem,,,,,,,,,,,,,,,,,,
103,zm_rest,LoadingBg_ZM_Rest,,,,,,,,,,,,,,,,,,
104,zm_origin,LoadingBg_ZM_Origin,,,,,,,,,,,,,,,,,,
105,dm_suzhou,LoadingBg_DM_suzhou,0 529 205,1 935 205,,,,,,,,,,,,,,,,
106,zs_trace,LoadingBg_ZS_trace,3301 373 258,3302  373 258,3303  373 259,3304 373 300 260,3305 373 300 260,3306 373 300 260,3313 614 852,3314  614 852,3315  614 852,3316  614 852,3317  614 852,3318  614 852,,,,,,
107,fun_checkmate,LoadingBg_FUN_checkmate,0 938 191,1 499 191,,,,,,,,,,,,,,,,
108,hs_sidewinder,LoadingBg_hs_sidewinder,338,340,349,,,,,,,,,,,,,,,
109,hd_harlem,LoadingBg_HD_Harlem,,,,,,,,,,,,,,,,,,
110,ze_bloodcastle,LoadingBg_ze_bloodcastle,7 508 282,8 892 150,,,,,,,,,,,,,,,,
111,bk_blackout,LoadingBg_bk_blackout,0 752 85,0 720 290,1 950 140,1 920 345,,,,,,,,,,,,,,
112,zs_culvert,LoadingBg_zs_culvert,3301 373 258,3302  373 258,3303  373 259,3304 373 300 260,3305 373 300 260,3306 373 300 260,3313 614 615,3314  614 615,3315  614 615,3316  614 615,3317  614 615,3318  614 615,,,,,,
113,zs_decoy,LoadingBg_zs_decoy,3301 373 258,3302  373 258,3303  373 259,3304 373 300 260,3305 373 300 260,3306 373 300 260,3313 614 615,3314  614 615,3315  614 615,3316  614 615,3317  614 615,3318  614 615,,,,,,
114,de_dust0,LoadingBg_de_dust0,0 824 105,1 670 408,2 697 92,3 893 205,,,,,,,,,,,,,,
115,bzm_bigtree,LoadingBg_bzm_bigtree,,,,,,,,,,,,,,,,,,
116,zm_forbidden,LoadingBg_zm_forbidden,,,,,,,,,,,,,,,,,,
117,zs_angra,LoadingBg_zs_angra,3301 373 258,3302  373 258,3303  373 259,3304 373 300 260,3305 373 300 260,3306 373 300 260,3313 614 615,3314  614 615,3315  614 615,3316  614 615,3317  614 615,3318  614 615,,,,,,
118,ze_skyline,LoadingBg_ze_skyline,7 520 109,8 895 398,,,,,,,,,,,,,,,,
119,zs_nightmare2,LoadingBg_zs_nightmare2,3301 373 258,3302  373 258,3303  373 259,3304 373 300 260,3305 373 300 260,3306 373 300 260,3313 614 615,3314  614 615,3315  614 615,3316  614 615,3317  614 615,3318  614 615,,,,,,
120,de_angelcity,LoadingBg_de_angelcity,0 797 299,1 723 160,2 918 117,,,,,,,,,,,,,,,
121,zs_contact,LoadingBg_zs_contact,3301 373 258,3302  373 258,3303  373 259,3304 373 300 260,3305 373 300 260,3306 373 300 260,3319 616 617,3320  616 617,3321  616 617,3322  616 617,3323  616 617,3324  616 617,,,,,,
122,ze_venice,LoadingBg_ze_venice,,,,,,,,,,,,,,,,,,
123,zs_behind,LoadingBg_zs_behind,3301 373 258,3302  373 258,3303  373 259,3304 373 300 260,3305 373 300 260,3306 373 300 260,3319 616 617 853,3320  616 617 853,3321  616 617 853,3322  616 617 853,3323  616 617 853,3324  616 617 853,,,,,,
124,zsh_deadcity,LoadingBg_zsh_deadcity,,,,,,,,,,,,,,,,,,
125,br_urban,loadingbg_br_urban,0 755 422,0 911 381,0 937 236,1 739 236,1 774 120,16 831 346,16 882 227,16 794 183,,,,,,,,,,
126,zs_defense,LoadingBg_zs_defense,3301 373 258,3302  373 258,3303  373 259,3304 373 300 260,3305 373 300 260,3306 373 300 260,3319 616 617 853,3320  616 617 853,3321  616 617 853,3322  616 617 853,3323  616 617 853,3324  616 617 853,,,,,,
127,de_santorini,LoadingBg_de_santorini,0 585 120,1 952 325,2 735 126,3 669 245,,,,,,,,,,,,,,
128,zs_panic,LoadingBg_zs_panic,3301 373 258,3302  373 258,3303  373 259,3304 373 300 260,3305 373 300 260,3306 373 300 260,3319 616 617,3320  616 617,3321  616 617,3322  616 617,3323  616 617,3324  616 617,,,,,,
129,ze_hitchhiking,LoadingBg_ze_hitchhiking,7 895 440,8 875 350,,,,,,,,,,,,,,,,
130,sm_blizzard,loadingbg_sm_blizzard,0 912 168,1 512 196,,,,,,,,,,,,,,,,
131,zs_encounter,LoadingBg_zs_encounter,3301 373 258,3302  373 258,3303  373 259,3304 373 300 260,3305 373 300 260,3306 373 300 260,3325 618 619,3326  618 619,3327  618 619,3328  618 619,3329  618 619,3330  618 619,,,,,,
132,dm_darksnow,LoadingBg_DM_darksnow,0 645 296,1 912 302,,,,,,,,,,,,,,,,
133,zs_conspiracy,LoadingBg_zs_conspiracy,3301 373 258,3302  373 258,3303  373 259,3304 373 300 260,3305 373 300 260,3306 373 300 260,3325 618 619 855,3326  618 619 855,3327  618 619 855,3328  618 619 855,3329  618 619 855,3330  618 619 855,,,,,,
134,zs_nightmare3,LoadingBg_zs_nightmare3,3301 373 258,3302  373 258,3303  373 259,3304 373 300 260,3305 373 300 260,3306 373 300 260,3319 616 617,3320  616 617,3321  616 617,3322  616 617,3323  616 617,3324  616 617,,,,,,
135,zsh_deadcity_pvp,LoadingBg_zsh_deadcity_pvp,,,,,,,,,,,,,,,,,,
136,zsh_deadcity_pve,LoadingBg_zsh_deadcity_pve,,,,,,,,,,,,,,,,,,
137,zm_darkcity,LoadingBg_zm_darkcity,17 685 225,17 740 345,17 890 88,17 890 365,,,,,,,,,,,,,,
138,zm_shoreline,LoadingBg_zm_shoreline,17 956 234,17 885 424,17 656 300,17 892 298,,,,,,,,,,,,,,
139,zs_envymask,LoadingBg_zs_envymask,3301 373 258,3302  373 258,3303  373 259,3304 373 300 260,3305 373 300 260,3306 373 300 260,3325 618 619 856,3326  618 619 856,3327  618 619 856,3328  618 619 856,3329  618 619 856,3330  618 619 856,,,,,,
140,zsh_dustcity_pve,LoadingBg_zsh_dustcity_pve,,,,,,,,,,,,,,,,,,
141,de_turkey,LoadingBg_de_turkey,0 928 260,1 485 245,3 735 375,2 770 120,,,,,,,,,,,,,,
142,bzm_metro,LoadingBg_bzm_metro,,,,,,,,,,,,,,,,,,
143,zs_paranoia,LoadingBg_zs_paranoia,3301 373 258,3302  373 258,3303  373 259,3304 373 300 260,3305 373 300 260,3306 373 300 260,3325 696 618,3326  696 618,3327  696 618,3328  696 618,3329  696 618,3330  696 618,,,,,,
145,zg_forsaken,LoadingBg_zg_forsaken,,,,,,,,,,,,,,,,,,
146,zs_evacuate1,loadingbg_zs_omen1,3301 373 258,3302  373 258,3303  373 259,3304 373 300 260,3305 373 300 260,3306 373 300 260,3331 712 765,3332  712 765,3333  712 765,3334  712 765,3335  712 765,3336  712 765,,,,,,
147,zs_evacuate2,loadingbg_zs_omen2,3301 373 258,3302  373 258,3303  373 259,3304 373 300 260,3305 373 300 260,3306 373 300 260,3331 712 765,3332  712 765,3333  712 765,3334  712 765,3335  712 765,3336  712 765,,,,,,
148,zs_evacuate3,loadingbg_zs_omen3,3301 373 258,3302  373 258,3303  373 259,3304 373 300 260,3305 373 300 260,3306 373 300 260,3331 712 765,3332  712 765,3333  712 765,3334  712 765,3335  712 765,3336  712 765,,,,,,
149,fy_iceworld,loadingbg_fy_iceworld,0 750 389,1 750 109,,,,,,,,,,,,,,,,
150,zsh_hellride_pve,LoadingBg_zsh_hellride_pve,,,,,,,,,,,,,,,,,,
151,zg_splash,LoadingBg_zg_splash,,,,,,,,,,,,,,,,,,
152,zs_nightmare4_kr,loadingbg_zs_nightmare4,3301 373 258,3302  373 258,3303  373 259,3304 373 300 260,3305 373 300 260,3306 373 300 260,3325 696 618,3326  696 618,3327  696 618,3328  696 618,3329  696 618,3330  696 618,,,,,,
153,pve_standalone1,loadingbg_zf_firstreport1,5105,,,,,,,,,,,,,,,,,
154,pve_standalone2,loadingbg_zf_firstreport2,5105,,,,,,,,,,,,,,,,,
155,ze_rising,LoadingBg_ze_rising,7 865 537,8 755 200,,,,,,,,,,,,,,,,
156,zs_memories1,loadingbg_zs_memories1,3301 373 258,3302  373 258,3303  373 259,3304 373 300 260,3305 373 300 260,3306 373 300 260,3331 765 712,3332  765 712,3333  765 712,3334  765 712,3335  765 712,3336  765 712,,,,,,
157,zs_memories2,loadingbg_zs_memories2,3301 373 258,3302  373 258,3303  373 259,3304 373 300 260,3305 373 300 260,3306 373 300 260,3331 765 712,3332  765 712,3333  765 712,3334  765 712,3335  765 712,3336  765 712,,,,,,
158,zs_memories3,loadingbg_zs_memories3,3301 373 258,3302  373 258,3303  373 259,3304 373 300 260,3305 373 300 260,3306 373 300 260,3331 765 712,3332  765 712,3333  765 712,3334  765 712,3335  765 712,3336  765 712,,,,,,
159,dm_trainfactory,Loadingbg_dm_trainfactory,0 500 330,1 930 115,,,,,,,,,,,,,,,,
160,pve_standalone3,loadingbg_zf_firstreport3,5105,,,,,,,,,,,,,,,,,
161,dm_warehouse,loadingbg_dm_warehouse,0 926 216,1 501 216,,,,,,,,,,,,,,,,
162,fun_suddendeath,loadingbg_fun_suddendeath,,,,,,,,,,,,,,,,,,
163,zs_anothertruth1,LoadingBg_zs_anothertruth1,3301 373 258,3302  373 258,3303  373 259,3304 373 300 260,3305 373 300 260,3306 373 300 260,3331 790 765,3332  790 765,3333  790 765,3334  790 765,3335  790 765,3336  790 765,,,,,,
164,zs_anothertruth2,LoadingBg_zs_anothertruth2,3301 373 258,3302  373 258,3303  373 259,3304 373 300 260,3305 373 300 260,3306 373 300 260,3331 790 765,3332  790 765,3333  790 765,3334  790 765,3335  790 765,3336  790 765,,,,,,
165,zs_anothertruth3,LoadingBg_zs_anothertruth3,3301 373 258,3302  373 258,3303  373 259,3304 373 300 260,3305 373 300 260,3306 373 300 260,3331 790 765,3332  790 765,3333  790 765,3334  790 765,3335  790 765,3336  790 765,,,,,,
166,zt_outcity,LoadingBg_zt_outcity,7 800 425,8 695 152,,,,,,,,,,,,,,,,
167,zt_Greesia,LoadingBg_zt_Greesia,7 510 235,8 905 235,,,,,,,,,,,,,,,,
168,DM_bunnyyard,LoadingBg_DM_bunnyyard,0 510 245,1 905 215,,,,,,,,,,,,,,,,
169,DM_parking,LoadingBg_DM_parking,0 490 175,1 930 215,,,,,,,,,,,,,,,,
170,zs_bosschase,loadingbg_zs_bosschase,3301 373 258,3302  373 258,3303  373 259,3304 373 300 260,3305 373 300 260,3306 373 300 260,3331 790 765,3332  790 765,3333  790 765,3334  790 765,3335  790 765,3336  790 765,,,,,,
171,de_wintershelter,loadingbg_de_wintershelter,0 836 35,1 630 462,2 752 168,3 920 199,,,,,,,,,,,,,,
172,zs_lastride1,LoadingBg_zs_lastride1,3301 373 258,3302  373 258,3303  373 259,3304 373 300 260,3305 373 300 260,3306 373 300 260,3331 850 790,3332  850 790,3333  850 790,3334  850 790,3335  850 790,3336  850 790,,,,,,
173,zs_lastride2,LoadingBg_zs_lastride2,3301 373 258,3302  373 258,3303  373 259,3304 373 300 260,3305 373 300 260,3306 373 300 260,3331 850 790,3332  850 790,3333  850 790,3334  850 790,3335  850 790,3336  850 790,,,,,,
174,zs_lastride3,LoadingBg_zs_lastride3,3301 373 258,3302  373 258,3303  373 259,3304 373 300 260,3305 373 300 260,3306 373 300 260,3331 850 790,3332  850 790,3333  850 790,3334  850 790,3335  850 790,3336  850 790,,,,,,
178,ze_rhyzome,loadingbg_ze_rhyzome,7 534 60,8 916 462,,,,,,,,,,,,,,,,
179,bzm_farero,LoadingBg_bzm_farero,0 686 500,1 742 94,,,,,,,,,,,,,,,,
180,zs_nightmaredlc_kr,LoadingBg_zs_nightmaredlc_kr,3301 373 258,3302  373 258,3303  373 259,3304 373 300 260,3305 373 300 260,3306 373 300 260,3307 612 613,3308  612 613,3309  612 613,3310  612 613,3311  612 613,3312  612 613,,,,,,
181,cs_italy,LoadingBg_CS_Italy,0 908 264,1 497 118,4 487 84,5 957 264,17 685 174,17 733 352,17 932 309,17 788 133,,,,,,,,,,
182,de_dust,LoadingBg_DE_Dust,0 947 269,1 578 148,2 779 94,3 947 209,17 786 359,17 548 192,17 574 140,,,,,,,,,,,
183,zs_memories1,loadingbg_zs_memories1,3301 373 258,3302  373 258,3303  373 259,3304 373 300 260,3305 373 300 260,3306 373 300 260,3331 765 712,3332  765 712,3333  765 712,3334  765 712,3335  765 712,3336  765 712,,,,,,
184,zs_memories2,loadingbg_zs_memories2,3301 373 258,3302  373 258,3303  373 259,3304 373 300 260,3305 373 300 260,3306 373 300 260,3331 765 712,3332  765 712,3333  765 712,3334  765 712,3335  765 712,3336  765 712,,,,,,
185,zs_memories3,loadingbg_zs_memories3,3301 373 258,3302  373 258,3303  373 259,3304 373 300 260,3305 373 300 260,3306 373 300 260,3331 765 712,3332  765 712,3333  765 712,3334  765 712,3335  765 712,3336  765 712,,,,,,
186,cs_italy,LoadingBg_CS_Italy,0 908 264,1 497 118,4 487 84,5 957 264,17 685 174,17 733 352,17 932 309,17 788 133,,,,,,,,,,
187,zs_mschoi1,loadingbg_zs_mschoi1,3301 373 258,3302  373 258,3303  373 259,3304 373 300 260,3305 373 300 260,3306 373 300 260,3337 900,3338 900,3339 900,3340 900,3341 900,3342 900,,,,,,
188,zs_mschoi2,loadingbg_zs_mschoi2,3301 373 258,3302  373 258,3303  373 259,3304 373 300 260,3305 373 300 260,3306 373 300 260,3337 900,3338 900,3339 900,3340 900,3341 900,3342 900,,,,,,
189,zs_mschoi3,loadingbg_zs_mschoi3,3301 373 258,3302  373 258,3303  373 259,3304 373 300 260,3305 373 300 260,3306 373 300 260,3337 900,3338 900,3339 900,3340 900,3341 900,3342 900,,,,,,
190,de_mirage,loadingbg_de_mirage,0 595 424,1 946 210,2 746 436,3 550 142,,,,,,,,,,,,,,
191,cs_assault,LoadingBg_CS_Assault,0 863 230,1 619 186,4 563 303,5 871 268,17 851 162,17 733 332,17 571 243 ,17 569 335,,,,,,,,,,
192,cs_estate,LoadingBg_CS_Estate,0 920 223,1 695 293,4 700 254,5 926 264,,,,,,,,,,,,,,
193,zsh_deadcity_event_pve,LoadingBg_zsh_deadcity_pve,,,,,,,,,,,,,,,,,,
194,zs_victor1,loadingbg_zs_victor1,3301 373 258,3302  373 258,3303  373 259,3304 373 300 260,3305 373 300 260,3306 373 300 260,3337 925,3338 925,3339 925,3340 925,3341 925,3342 925,,,,,,
195,zs_victor2,loadingbg_zs_victor2,3301 373 258,3302  373 258,3303  373 259,3304 373 300 260,3305 373 300 260,3306 373 300 260,3337 925,3338 925,3339 925,3340 925,3341 925,3342 925,,,,,,
196,zs_victor3,loadingbg_zs_victor3,3301 373 258,3302  373 258,3303  373 259,3304 373 300 260,3305 373 300 260,3306 373 300 260,3337 925,3338 925,3339 925,3340 925,3341 925,3342 925,,,,,,
197,zs_decoy,LoadingBg_zs_decoy,3301 373 258,3302  373 258,3303  373 259,3304 373 300 260,3305 373 300 260,3306 373 300 260,3313 614 615,3314  614 615,3315  614 615,3316  614 615,3317  614 615,3318  614 615,,,,,,
198,zs_lusia1,loadingbg_zs_lusia1,3301 373 258,3302  373 258,3303  373 259,3304 373 300 260,3305 373 300 260,3306 373 300 260,3337 963,3338 963,3339 963,3340 963,3341 963,3342 963,,,,,,
199,zs_lusia2,loadingbg_zs_lusia2,3301 373 258,3302  373 258,3303  373 259,3304 373 300 260,3305 373 300 260,3306 373 300 260,3337 963,3338 963,3339 963,3340 963,3341 963,3342 963,,,,,,
200,zs_lusia3,loadingbg_zs_lusia3,3301 373 258,3302  373 258,3303  373 259,3304 373 300 260,3305 373 300 260,3306 373 300 260,3337 963,3338 963,3339 963,3340 963,3341 963,3342 963,,,,,,
201,zs_paranoia,LoadingBg_zs_paranoia,3301 373 258,3302  373 258,3303  373 259,3304 373 300 260,3305 373 300 260,3306 373 300 260,3325 696 618,3326  696 618,3327  696 618,3328  696 618,3329  696 618,3330  696 618,,,,,,
202,fun_playroom,LoadingBg_fun_playroom,,,,,,,,,,,,,,,,,,
203,zs_carlito1,loadingbg_zs_carlito1,3301 373 258,3302  373 258,3303  373 259,3304 373 300 260,3305 373 300 260,3306 373 300 260,3337 8051,3338 8051,3339 8051,3340 8051,3341 8051,3342 8051,,,,,,
204,zs_carlito2,loadingbg_zs_carlito2,3301 373 258,3302  373 258,3303  373 259,3304 373 300 260,3305 373 300 260,3306 373 300 260,3337 8051,3338 8051,3339 8051,3340 8051,3341 8051,3342 8051,,,,,,
205,zs_carlito3,loadingbg_zs_carlito3,3301 373 258,3302  373 258,3303  373 259,3304 373 300 260,3305 373 300 260,3306 373 300 260,3337 8051,3338 8051,3339 8051,3340 8051,3341 8051,3342 8051,,,,,,
206,bzm_dustmini,loadingbg_bzm_dustmini,,,,,,,,,,,,,,,,,,
207,bzm_Italymini,loadingbg_bzm_Italymini,,,,,,,,,,,,,,,,,,
208,de_skyscraper,loadingbg_de_skyscraper,0 958 226,1 505 181,2 851 119,3 832 298,,,,,,,,,,,,,,
209,zs_nightmare5_1,LoadingBg_zs_nightmare5_1,3301 373 258,3302  373 258,3303  373 259,3304 373 300 260,3305 373 300 260,3306 373 300 260,3331 850 790,3332  850 790,3333  850 790,3334  850 790,3335  850 790,3336  850 790,,,,,,
210,zs_nightmare5_2,LoadingBg_zs_nightmare5_2,3301 373 258,3302  373 258,3303  373 259,3304 373 300 260,3305 373 300 260,3306 373 300 260,3331 850 790,3332  850 790,3333  850 790,3334  850 790,3335  850 790,3336  850 790,,,,,,
211,zs_nightmare5_3,LoadingBg_zs_nightmare5_3,3301 373 258,3302  373 258,3303  373 259,3304 373 300 260,3305 373 300 260,3306 373 300 260,3331 850 790,3332  850 790,3333  850 790,3334  850 790,3335  850 790,3336  850 790,,,,,,
212,zs_nightmare5_4,LoadingBg_zs_nightmare5_4,3301 373 258,3302  373 258,3303  373 259,3304 373 300 260,3305 373 300 260,3306 373 300 260,3331 850 790,3332  850 790,3333  850 790,3334  850 790,3335  850 790,3336  850 790,,,,,,
213,cs_italy,LoadingBg_CS_Italy,0 908 264,1 497 118,4 487 84,5 957 264,17 685 174,17 733 352,17 932 309,17 788 133,,,,,,,,,,
214,cs_assault,LoadingBg_CS_Assault,0 863 230,1 619 186,4 563 303,5 871 268,17 851 162,17 733 332,17 571 243 ,17 569 335,,,,,,,,,,
215,de_dust,LoadingBg_DE_Dust,0 947 269,1 578 148,2 779 94,3 947 209,17 786 359,17 548 192,17 574 140,,,,,,,,,,,
216,zm_origin,LoadingBg_ZM_Origin,,,,,,,,,,,,,,,,,,
217,zm_abyss2,LoadingBg_zm_abyss2,,,,,,,,,,,,,,,,,,
219,zs_allout1,loadingbg_zs_allout1,3301 373 258,3302  373 258,3303  373 259,3304 373 300 260,3305 373 300 260,3306 373 300 260,3337 3611 3612 3613,3338 3611 3612 3613,3339 3611 3612 3613,3340 3611 3612 3613,3341 3611 3612 3613,3342 3611 3612 3613,,,,,,
220,zs_allout2,loadingbg_zs_allout2,3301 373 258,3302  373 258,3303  373 259,3304 373 300 260,3305 373 300 260,3306 373 300 260,3337 3611 3612 3613,3338 3611 3612 3613,3339 3611 3612 3613,3340 3611 3612 3613,3341 3611 3612 3613,3342 3611 3612 3613,,,,,,
221,zs_allout3,loadingbg_zs_allout3,3301 373 258,3302  373 258,3303  373 259,3304 373 300 260,3305 373 300 260,3306 373 300 260,3337 3611 3612 3613,3338 3611 3612 3613,3339 3611 3612 3613,3340 3611 3612 3613,3341 3611 3612 3613,3342 3611 3612 3613,,,,,,
222,cs_italy,LoadingBg_CS_Italy,0 908 264,1 497 118,4 487 84,5 957 264,17 685 174,17 733 352,17 932 309,17 788 133,,,,,,,,,,
223,cs_assault,LoadingBg_CS_Assault,0 863 230,1 619 186,4 563 303,5 871 268,17 851 162,17 733 332,17 571 243 ,17 569 335,,,,,,,,,,
224,cs_estate,LoadingBg_CS_Estate,0 920 223,1 695 293,4 700 254,5 926 264,,,,,,,,,,,,,,
225,de_wintershelter,loadingbg_de_wintershelter,0 836 35,1 630 462,2 752 168,3 920 199,,,,,,,,,,,,,,
226,de_dust,LoadingBg_DE_Dust,0 947 269,1 578 148,2 779 94,3 947 209,17 786 359,17 548 192,17 574 140,,,,,,,,,,,
227,zm_abyss2,LoadingBg_zm_abyss2,,,,,,,,,,,,,,,,,,
228,cs_estate,LoadingBg_CS_Estate,0 920 223,1 695 293,4 700 254,5 926 264,,,,,,,,,,,,,,
229,cs_militia,LoadingBg_CS_Militia,0 930 243,1 611 240,4 632 156,4 577 212,5 938 274,,,,,,,,,,,,,
230,fun_playroom2,LoadingBg_fun_playroom2,,,,,,,,,,,,,,,,,,
231,zm_desktop,LoadingBg_zm_desktop,,,,,,,,,,,,,,,,,,
232,zm_cantera,LoadingBg_zm_cantera,,,,,,,,,,,,,,,,,,
233,ztd_lastshelter,LoadingBg_ztd_lastshelter,16 525 288,18 560 280,19 910 280,20 860 288,,,,,,,,,,,,,,
234,ztd_checkmate,LoadingBg_ztd_checkmate,16 490 138,18 632 190,19 963 190,20 826 198,,,,,,,,,,,,,,
235,zs_rendezvous1,loadingbg_zs_rendezvous1,3301 373 258,3302  373 258,3303  373 259,3304 373 300 260,3305 373 300 260,3306 373 300 260,3337 3616 3617 3618,3338 3616 3617 3618,3339 3616 3617 3618,3340 3616 3617 3618,3341 3616 3617 3618,3342 3616 3617 3618,,,,,,
236,zs_rendezvous2,loadingbg_zs_rendezvous2,3301 373 258,3302  373 258,3303  373 259,3304 373 300 260,3305 373 300 260,3306 373 300 260,3337 3616 3617 3618,3338 3616 3617 3618,3339 3616 3617 3618,3340 3616 3617 3618,3341 3616 3617 3618,3342 3616 3617 3618,,,,,,
237,zs_rendezvous3,loadingbg_zs_rendezvous3,3301 373 258,3302  373 258,3303  373 259,3304 373 300 260,3305 373 300 260,3306 373 300 260,3337 3616 3617 3618,3338 3616 3617 3618,3339 3616 3617 3618,3340 3616 3617 3618,3341 3616 3617 3618,3342 3616 3617 3618,,,,,,
238,bzm_assaultmini,loadingbg_bzm_assaultmini,,,,,,,,,,,,,,,,,,
239,dm_chapel,loadingbg_dm_chapel,0 820 60,1 740 380,,,,,,,,,,,,,,,,
240,cs_italy,LoadingBg_CS_Italy,0 908 264,1 497 118,4 487 84,5 957 264,17 685 174,17 733 352,17 932 309,17 788 133,,,,,,,,,,
241,dm_storage,loadingbg_dm_storage,1 460 260,0 920 260,,,,,,,,,,,,,,,,
242,cs_assault,LoadingBg_CS_Assault,0 863 230,1 619 186,4 563 303,5 871 268,17 851 162,17 733 332,17 571 243 ,17 569 335,,,,,,,,,,
243,zm_lakepark,LoadingBg_zm_lakepark,,,,,,,,,,,,,,,,,,
244,de_alcatraz,LoadingBg_de_alcatraz,0 910 255,1 505 335,2 800 392,3 728 142,,,,,,,,,,,,,,
245,cs_estate,LoadingBg_CS_Estate,0 920 223,1 695 293,4 700 254,5 926 264,,,,,,,,,,,,,,
246,cs_militia,LoadingBg_CS_Militia,0 930 243,1 611 240,4 632 156,4 577 212,5 938 274,,,,,,,,,,,,,
247,zm_lakepark,LoadingBg_zm_lakepark,,,,,,,,,,,,,,,,,,
248,zm_abyss2,LoadingBg_zm_abyss2,,,,,,,,,,,,,,,,,,
249,de_dust,LoadingBg_DE_Dust,0 947 269,1 578 148,2 779 94,3 947 209,17 786 359,17 548 192,17 574 140,,,,,,,,,,,
250,de_dust2,LoadingBg_DE_Dust2,0 656 218,1 945 292,2 642 108,3 628 359,,,,,,,,,,,,,,
251,de_vertigo,LoadingBg_DE_Vertigo,0 944 140,1 807 98,2 929 178,3 640 83,,,,,,,,,,,,,,
252,zm_cantera,LoadingBg_zm_cantera,,,,,,,,,,,,,,,,,,
253,ptn_villa,LoadingBg_ptn_villa,,,,,,,,,,,,,,,,,,
254,vxl_empty,,,,,,,,,,,,,,,,,,,
255,at_attack,loadingbg_at_attack,615,619,696,,,,,,,,,,,,,,,
256,zm_alcatraz,LoadingBg_zm_alcatraz,,,,,,,,,,,,,,,,,,
257,zhe_heorgen,loadingbg_zhe_heorgen,,,,,,,,,,,,,,,,,,
258,zm_chosun,loadingbg_zm_chosun,0 540 215,1 910 200,,,,,,,,,,,,,,,,
259,zm_italy,loadingbg_zm_italy,0 915 265,1 535 180,,,,,,,,,,,,,,,,
260,de_csoland,loadingbg_de_csoland,0 947 269,1 578 148,2 779 94,3 947 209,17 786 359,17 548 192,17 574 140,,,,,,,,,,,
261,de_csoland,loadingbg_de_csoland,0 930 243,1 611 240,4 632 156,4 577 212,5 938 274,,,,,,,,,,,,,
262,zm_junkhouse,LoadingBg_zm_junkhouse,,,,,,,,,,,,,,,,,,
263,zm_italy,loadingbg_zm_italy,0 915 265,1 535 180,,,,,,,,,,,,,,,,
264,zm_junkhouse,LoadingBg_zm_junkhouse,,,,,,,,,,,,,,,,,,
265,zs_multiboss,LoadingBg_zs_multiboss,3301 373 258,3302  373 258,3303  373 259,3304 373 300 260,3305 373 300 260,3306 373 300 260,3337 3616 3617 3618,3338 3616 3617 3618,3339 3616 3617 3618,3340 3616 3617 3618,3341 3616 3617 3618,3342 3616 3617 3618,,,,,,
266,cs_assault_halloween,LoadingBg_cs_assault_halloween,0 863 230,1 619 186,4 563 303,5 871 268,17 851 162,17 733 332,17 571 243 ,17 569 335,,,,,,,,,,
267,cs_assault_halloween,LoadingBg_cs_assault_halloween,0 863 230,1 619 186,4 563 303,5 871 268,17 851 162,17 733 332,17 571 243 ,17 569 335,,,,,,,,,,
268,cs_italy_xmas,LoadingBg_cs_italy_xmas,0 908 264,1 497 118,4 487 84,5 957 264,17 685 174,17 733 352,17 932 309,17 788 133,,,,,,,,,,
269,zs_biolabs1,loadingbg_zs_biolabs1,3301 373 258,3302  373 258,3303  373 259,3304 373 300 260,3305 373 300 260,3306 373 300 260,3337 3616 3617 3618,3338 3616 3617 3618,3339 3616 3617 3618,3340 3616 3617 3618,3341 3616 3617 3618,3342 3616 3617 3618,,,,,,
270,zs_biolabs2,loadingbg_zs_biolabs2,3301 373 258,3302  373 258,3303  373 259,3304 373 300 260,3305 373 300 260,3306 373 300 260,3337 3616 3617 3618,3338 3616 3617 3618,3339 3616 3617 3618,3340 3616 3617 3618,3341 3616 3617 3618,3342 3616 3617 3618,,,,,,
271,fun_playroom3,LoadingBg_fun_playroom,,,,,,,,,,,,,,,,,,
272,zs_deadmall1,loadingbg_zs_deadmall1,3301 373 258,3302  373 258,3303  373 259,3304 373 300 260,3305 373 300 260,3306 373 300 260,3337 3616 3617 3618,3338 3616 3617 3618,3339 3616 3617 3618,3340 3616 3617 3618,3341 3616 3617 3618,3342 3616 3617 3618,,,,,,
273,zs_deadmall2,loadingbg_zs_deadmall2,3301 373 258,3302  373 258,3303  373 259,3304 373 300 260,3305 373 300 260,3306 373 300 260,3337 3616 3617 3618,3338 3616 3617 3618,3339 3616 3617 3618,3340 3616 3617 3618,3341 3616 3617 3618,3342 3616 3617 3618,,,,,,
274,zs_electron1,loadingbg_zs_electron1,3301 373 258,3302  373 258,3303  373 259,3304 373 300 260,3305 373 300 260,3306 373 300 260,3337 3616 3617 3618,3338 3616 3617 3618,3339 3616 3617 3618,3340 3616 3617 3618,3341 3616 3617 3618,3342 3616 3617 3618,,,,,,
275,zs_electron2,loadingbg_zs_electron2,3301 373 258,3302  373 258,3303  373 259,3304 373 300 260,3305 373 300 260,3306 373 300 260,3337 3616 3617 3618,3338 3616 3617 3618,3339 3616 3617 3618,3340 3616 3617 3618,3341 3616 3617 3618,3342 3616 3617 3618,,,,,,
276,de_vertigo_halloween,LoadingBg_de_vertigo_halloween,0 944 140,1 807 98,2 929 178,3 640 83,,,,,,,,,,,,,,
277,de_skyscraper_xmas,loadingbg_de_skyscraper_xmas,0 958 226,1 505 181,2 851 119,3 832 298,,,,,,,,,,,,,,
278,zs_voidzone1,loadingbg_zs_voidzone1,3301 373 258,3302  373 258,3303  373 259,3304 373 300 260,3305 373 300 260,3306 373 300 260,3337 3616 3617 3618,3338 3616 3617 3618,3339 3616 3617 3618,3340 3616 3617 3618,3341 3616 3617 3618,3342 3616 3617 3618,,,,,,
279,zs_voidzone2,loadingbg_zs_voidzone2,3301 373 258,3302  373 258,3303  373 259,3304 373 300 260,3305 373 300 260,3306 373 300 260,3337 3616 3617 3618,3338 3616 3617 3618,3339 3616 3617 3618,3340 3616 3617 3618,3341 3616 3617 3618,3342 3616 3617 3618,,,,,,
280,zs_deadmall1,loadingbg_zs_deadmall1,3301 373 258,3302  373 258,3303  373 259,3304 373 300 260,3305 373 300 260,3306 373 300 260,3337 3616 3617 3618,3338 3616 3617 3618,3339 3616 3617 3618,3340 3616 3617 3618,3341 3616 3617 3618,3342 3616 3617 3618,,,,,,
281,zs_deadmall2,loadingbg_zs_deadmall2,3301 373 258,3302  373 258,3303  373 259,3304 373 300 260,3305 373 300 260,3306 373 300 260,3337 3616 3617 3618,3338 3616 3617 3618,3339 3616 3617 3618,3340 3616 3617 3618,3341 3616 3617 3618,3342 3616 3617 3618,,,,,,
283,zm_harbor,LoadingBg_zm_harbor,,,,,,,,,,,,,,,,,,
284,dm_cargoship,loadingbg_dm_cargoship,,,,,,,,,,,,,,,,,,
285,zs_dronefactory,loadingbg_zs_upcomingthreat,3301 373 258,3302  373 258,3303  373 259,3304 373 300 260,3305 373 300 260,3306 373 300 260,3337 3616 3617 3618,3338 3616 3617 3618,3339 3616 3617 3618,3340 3616 3617 3618,3341 3616 3617 3618,3342 3616 3617 3618,,,,,,
286,cs_italy,LoadingBg_CS_Italy,0 908 264,1 497 118,4 487 84,5 957 264,17 685 174,17 733 352,17 932 309,17 788 133,,,,,,,,,,
287,de_dust,LoadingBg_DE_Dust,0 947 269,1 578 148,2 779 94,3 947 209,17 786 359,17 548 192,17 574 140,,,,,,,,,,,
288,cs_estate_child,LoadingBg_cs_estate_child,0 922 258,1 688 258,4 700 254,5 926 264,,,,,,,,,,,,,,
289,dm_castleland,LoadingBg_dm_castleland,0 924 256,1 526 350,,,,,,,,,,,,,,,,
290,cs_italy,LoadingBg_CS_Italy,0 908 264,1 497 118,4 487 84,5 957 264,17 685 174,17 733 352,17 932 309,17 788 133,,,,,,,,,,
291,cs_assault,LoadingBg_CS_Assault,0 863 230,1 619 186,4 563 303,5 871 268,17 851 162,17 733 332,17 571 243 ,17 569 335,,,,,,,,,,
292,de_dust,LoadingBg_DE_Dust,0 947 269,1 578 148,2 779 94,3 947 209,17 786 359,17 548 192,17 574 140,,,,,,,,,,,
293,zm_cantera,LoadingBg_zm_cantera,,,,,,,,,,,,,,,,,,
294,zm_lakepark,LoadingBg_zm_lakepark,,,,,,,,,,,,,,,,,,
295,cs_estate_child,LoadingBg_cs_estate_child,,,,,,,,,,,,,,,,,,
296,dm_castleland,LoadingBg_dm_castleland,,,,,,,,,,,,,,,,,,
297,de_market,LoadingBg_de_market,0 490 186,1 932 250,2 725 230,,,,,,,,,,,,,,,
298,zm_nostalgia,LoadingBg_zm_nostalgia,,,,,,,,,,,,,,,,,,
299,dm_hacienda,loadingbg_dm_hacienda,,,,,,,,,,,,,,,,,,
300,zm_italy_santorini,LoadingBg_zm_italy_santorini,,,,,,,,,,,,,,,,,,
301,zs_deadmall1,loadingbg_zs_deadmall1,3301 373 258,3302  373 258,3303  373 259,3304 373 300 260,3305 373 300 260,3306 373 300 260,3337 3616 3617 3618,3338 3616 3617 3618,3339 3616 3617 3618,3340 3616 3617 3618,3341 3616 3617 3618,3342 3616 3617 3618,,,,,,
302,zs_deadmall2,loadingbg_zs_deadmall2,3301 373 258,3302  373 258,3303  373 259,3304 373 300 260,3305 373 300 260,3306 373 300 260,3337 3616 3617 3618,3338 3616 3617 3618,3339 3616 3617 3618,3340 3616 3617 3618,3341 3616 3617 3618,3342 3616 3617 3618,,,,,,
303,zs_dronefactory,loadingbg_zs_upcomingthreat,3301 373 258,3302  373 258,3303  373 259,3304 373 300 260,3305 373 300 260,3306 373 300 260,3337 3616 3617 3618,3338 3616 3617 3618,3339 3616 3617 3618,3340 3616 3617 3618,3341 3616 3617 3618,3342 3616 3617 3618,,,,,,
304,zs_neoncity1,loadingbg_zs_neoncity1,3301 373 258,3302  373 258,3303  373 259,3304 373 300 260,3305 373 300 260,3306 373 300 260,3337 3616 3617 3618,3338 3616 3617 3618,3339 3616 3617 3618,3340 3616 3617 3618,3341 3616 3617 3618,3342 3616 3617 3618,,,,,,
305,zs_neoncity2,loadingbg_zs_neoncity2,3301 373 258,3302  373 258,3303  373 259,3304 373 300 260,3305 373 300 260,3306 373 300 260,3337 3616 3617 3618,3338 3616 3617 3618,3339 3616 3617 3618,3340 3616 3617 3618,3341 3616 3617 3618,3342 3616 3617 3618,,,,,,
306,zm_abyss2_halloween,LoadingBg_zm_abyss2_halloween,,,,,,,,,,,,,,,,,,
307,dm_skygarden,loadingbg_dm_skygarden,,,,,,,,,,,,,,,,,,
308,de_dazzling_comrade,LoadingBg_de_dazzling_comrade,0 948 273,1 540 327,2 753 102,3 752 344,,,,,,,,,,,,,,
309,CSO_italy_kr_zbclassicrandomweapon,LoadingBg_CS_Italy,0 908 264,1 497 118,4 487 84,5 957 264,17 685 174,17 733 352,17 932 309,17 788 133,,,,,,,,,,
310,CSO_assault_kr_zbclassicrandomweapon,LoadingBg_CS_Assault,0 863 230,1 619 186,4 563 303,5 871 268,17 851 162,17 733 332,17 571 243 ,17 569 335,,,,,,,,,,
311,CSO_dust_kr_zbclassicrandomweapon,LoadingBg_DE_Dust,0 947 269,1 578 148,2 779 94,3 947 209,17 786 359,17 548 192,17 574 140,,,,,,,,,,,
312,CSO_Abyss2_kr_zbclassicrandomweapon,LoadingBg_zm_abyss2,,,,,,,,,,,,,,,,,,
313,CSO_estate_kr_zbclassicrandomweapon,LoadingBg_CS_Estate,0 920 223,1 695 293,4 700 254,5 926 264,,,,,,,,,,,,,,
314,CSO_militia_kr_zbclassicrandomweapon,LoadingBg_CS_Militia,0 930 243,1 611 240,4 632 156,4 577 212,5 938 274,,,,,,,,,,,,,
315,zs_crack1,loadingbg_zs_crack1,3301 373 258,3302  373 258,3303  373 259,3304 373 300 260,3305 373 300 260,3306 373 300 260,3337 3616 3617 3618,3338 3616 3617 3618,3339 3616 3617 3618,3340 3616 3617 3618,3341 3616 3617 3618,3342 3616 3617 3618,,,,,,
316,zs_crack2,loadingbg_zs_crack2,3301 373 258,3302  373 258,3303  373 259,3304 373 300 260,3305 373 300 260,3306 373 300 260,3337 3616 3617 3618,3338 3616 3617 3618,3339 3616 3617 3618,3340 3616 3617 3618,3341 3616 3617 3618,3342 3616 3617 3618,,,,,,
317,cs_italy,LoadingBg_CS_Italy,0 908 264,1 497 118,4 487 84,5 957 264,17 685 174,17 733 352,17 932 309,17 788 133,,,,,,,,,,
318,de_dust,LoadingBg_DE_Dust,0 947 269,1 578 148,2 779 94,3 947 209,17 786 359,17 548 192,17 574 140,,,,,,,,,,,
319,cs_assault,LoadingBg_CS_Assault,0 863 230,1 619 186,4 563 303,5 871 268,17 851 162,17 733 332,17 571 243 ,17 569 335,,,,,,,,,,
320,zs_mall,loadingbg_zs_mall,3301 373 258,3302  373 258,3303  373 259,3304 373 300 260,3305 373 300 260,3306 373 300 260,3337 3616 3617 3618,3338 3616 3617 3618,3339 3616 3617 3618,3340 3616 3617 3618,3341 3616 3617 3618,3342 3616 3617 3618,,,,,,
